{
  "pred_point_count": 249,
  "gt_point_count": 1239728,
  "point_count_ratio": 0.00020085050914394126,
  "chamfer_distance": 239.71247857814825,
  "pred_to_gt_distance": 342.9855133590826,
  "gt_to_pred_distance": 136.43944379721393,
  "hausdorff_distance": 575.5331634042498,
  "completeness_@0.05": 0.0,
  "accuracy_@0.05": 0.0,
  "f_score_@0.05": 0.0,
  "completeness_@0.1": 0.0,
  "accuracy_@0.1": 0.0,
  "f_score_@0.1": 0.0,
  "completeness_@0.2": 0.0,
  "accuracy_@0.2": 0.0,
  "f_score_@0.2": 0.0
}