{
  "pred_point_count": 1150,
  "gt_point_count": 1271323,
  "point_count_ratio": 0.0009045694917813962,
  "chamfer_distance": 252.98356710894976,
  "pred_to_gt_distance": 374.5042283089241,
  "gt_to_pred_distance": 131.46290590897542,
  "hausdorff_distance": 536.4838770337905,
  "completeness_@0.05": 0.0,
  "accuracy_@0.05": 0.0,
  "f_score_@0.05": 0.0,
  "completeness_@0.1": 0.0,
  "accuracy_@0.1": 0.0,
  "f_score_@0.1": 0.0,
  "completeness_@0.2": 0.0,
  "accuracy_@0.2": 0.0,
  "f_score_@0.2": 0.0
}