{
  "pred_point_count": 1053,
  "gt_point_count": 1268402,
  "point_count_ratio": 0.0008301784450040287,
  "chamfer_distance": 225.86029704004406,
  "pred_to_gt_distance": 321.9486966750528,
  "gt_to_pred_distance": 129.7718974050353,
  "hausdorff_distance": 534.1629104190223,
  "completeness_@0.05": 0.0,
  "accuracy_@0.05": 0.0,
  "f_score_@0.05": 0.0,
  "completeness_@0.1": 0.0,
  "accuracy_@0.1": 0.0,
  "f_score_@0.1": 0.0,
  "completeness_@0.2": 0.0,
  "accuracy_@0.2": 0.0,
  "f_score_@0.2": 0.0
}