{
  "pred_point_count": 4226,
  "gt_point_count": 1266912,
  "point_count_ratio": 0.0033356697229168244,
  "chamfer_distance": 83.68452311840636,
  "pred_to_gt_distance": 38.45219279030847,
  "gt_to_pred_distance": 128.91685344650423,
  "hausdorff_distance": 228.64650702989667,
  "completeness_@0.05": 0.0,
  "accuracy_@0.05": 0.0,
  "f_score_@0.05": 0.0,
  "completeness_@0.1": 0.0,
  "accuracy_@0.1": 0.0,
  "f_score_@0.1": 0.0,
  "completeness_@0.2": 0.0,
  "accuracy_@0.2": 0.0,
  "f_score_@0.2": 0.0
}