{
  "pred_point_count": 7014,
  "gt_point_count": 1266344,
  "point_count_ratio": 0.005538779352213932,
  "chamfer_distance": 96.21150803414105,
  "pred_to_gt_distance": 63.37057035422744,
  "gt_to_pred_distance": 129.05244571405464,
  "hausdorff_distance": 542.7141752155104,
  "completeness_@0.05": 0.0,
  "accuracy_@0.05": 0.0,
  "f_score_@0.05": 0.0,
  "completeness_@0.1": 0.0,
  "accuracy_@0.1": 0.0,
  "f_score_@0.1": 0.0,
  "completeness_@0.2": 0.0,
  "accuracy_@0.2": 0.0,
  "f_score_@0.2": 0.0
}