{
  "pred_point_count": 2422,
  "gt_point_count": 1255939,
  "point_count_ratio": 0.0019284376072404791,
  "chamfer_distance": 97.46060628596679,
  "pred_to_gt_distance": 66.24467538138353,
  "gt_to_pred_distance": 128.67653719055005,
  "hausdorff_distance": 544.8246100047684,
  "completeness_@0.05": 0.0,
  "accuracy_@0.05": 0.0,
  "f_score_@0.05": 0.0,
  "completeness_@0.1": 0.0,
  "accuracy_@0.1": 0.0,
  "f_score_@0.1": 0.0,
  "completeness_@0.2": 0.0,
  "accuracy_@0.2": 0.0,
  "f_score_@0.2": 0.0
}