{
  "pred_point_count": 6646,
  "gt_point_count": 1271589,
  "point_count_ratio": 0.00522653152866217,
  "chamfer_distance": 237.10208189320537,
  "pred_to_gt_distance": 343.34760426717406,
  "gt_to_pred_distance": 130.85655951923664,
  "hausdorff_distance": 544.0539210218269,
  "completeness_@0.05": 0.0,
  "accuracy_@0.05": 0.0,
  "f_score_@0.05": 0.0,
  "completeness_@0.1": 0.0,
  "accuracy_@0.1": 0.0,
  "f_score_@0.1": 0.0,
  "completeness_@0.2": 0.0,
  "accuracy_@0.2": 0.0,
  "f_score_@0.2": 0.0
}