{
  "pred_point_count": 670,
  "gt_point_count": 1264620,
  "point_count_ratio": 0.0005298034192089323,
  "chamfer_distance": 83.37175228147639,
  "pred_to_gt_distance": 37.76000803865738,
  "gt_to_pred_distance": 128.9834965242954,
  "hausdorff_distance": 228.82261904481302,
  "completeness_@0.05": 0.0,
  "accuracy_@0.05": 0.0,
  "f_score_@0.05": 0.0,
  "completeness_@0.1": 0.0,
  "accuracy_@0.1": 0.0,
  "f_score_@0.1": 0.0,
  "completeness_@0.2": 0.0,
  "accuracy_@0.2": 0.0,
  "f_score_@0.2": 0.0
}