{
  "pred_point_count": 7023,
  "gt_point_count": 1241561,
  "point_count_ratio": 0.005656588762050354,
  "chamfer_distance": 91.2174908669051,
  "pred_to_gt_distance": 53.54441980400653,
  "gt_to_pred_distance": 128.89056192980365,
  "hausdorff_distance": 508.9376246035985,
  "completeness_@0.05": 0.0,
  "accuracy_@0.05": 0.0,
  "f_score_@0.05": 0.0,
  "completeness_@0.1": 0.0,
  "accuracy_@0.1": 0.0,
  "f_score_@0.1": 0.0,
  "completeness_@0.2": 0.0,
  "accuracy_@0.2": 0.0,
  "f_score_@0.2": 0.0
}