{
  "pred_point_count": 238,
  "gt_point_count": 1270206,
  "point_count_ratio": 0.00018737118231216038,
  "chamfer_distance": 284.69310121503054,
  "pred_to_gt_distance": 383.5349834811248,
  "gt_to_pred_distance": 185.85121894893626,
  "hausdorff_distance": 538.0886345378035,
  "completeness_@0.05": 0.0,
  "accuracy_@0.05": 0.0,
  "f_score_@0.05": 0.0,
  "completeness_@0.1": 0.0,
  "accuracy_@0.1": 0.0,
  "f_score_@0.1": 0.0,
  "completeness_@0.2": 0.0,
  "accuracy_@0.2": 0.0,
  "f_score_@0.2": 0.0
}