{
  "pred_point_count": 12773,
  "gt_point_count": 1271207,
  "point_count_ratio": 0.010047930824798794,
  "chamfer_distance": 180.13166933524252,
  "pred_to_gt_distance": 230.89378945340232,
  "gt_to_pred_distance": 129.36954921708272,
  "hausdorff_distance": 538.7380220169151,
  "completeness_@0.05": 0.0,
  "accuracy_@0.05": 0.0,
  "f_score_@0.05": 0.0,
  "completeness_@0.1": 0.0,
  "accuracy_@0.1": 0.0,
  "f_score_@0.1": 0.0,
  "completeness_@0.2": 0.0,
  "accuracy_@0.2": 0.0,
  "f_score_@0.2": 0.0
}