{
  "pred_point_count": 439,
  "gt_point_count": 1257412,
  "point_count_ratio": 0.00034912979993828596,
  "chamfer_distance": 254.95201750567708,
  "pred_to_gt_distance": 378.61546882617233,
  "gt_to_pred_distance": 131.28856618518182,
  "hausdorff_distance": 559.3943010692703,
  "completeness_@0.05": 0.0,
  "accuracy_@0.05": 0.0,
  "f_score_@0.05": 0.0,
  "completeness_@0.1": 0.0,
  "accuracy_@0.1": 0.0,
  "f_score_@0.1": 0.0,
  "completeness_@0.2": 0.0,
  "accuracy_@0.2": 0.0,
  "f_score_@0.2": 0.0
}