{
  "pred_point_count": 4795,
  "gt_point_count": 1262300,
  "point_count_ratio": 0.003798621563812089,
  "chamfer_distance": 94.3067054856174,
  "pred_to_gt_distance": 59.91824108157195,
  "gt_to_pred_distance": 128.69516988966285,
  "hausdorff_distance": 537.8635975118576,
  "completeness_@0.05": 0.0,
  "accuracy_@0.05": 0.0,
  "f_score_@0.05": 0.0,
  "completeness_@0.1": 0.0,
  "accuracy_@0.1": 0.0,
  "f_score_@0.1": 0.0,
  "completeness_@0.2": 0.0,
  "accuracy_@0.2": 0.0,
  "f_score_@0.2": 0.0
}