{
  "pred_point_count": 764,
  "gt_point_count": 1256928,
  "point_count_ratio": 0.0006078311565976731,
  "chamfer_distance": 166.33454431731684,
  "pred_to_gt_distance": 181.53754563425878,
  "gt_to_pred_distance": 151.13154300037488,
  "hausdorff_distance": 552.3449202186356,
  "completeness_@0.05": 0.0,
  "accuracy_@0.05": 0.0,
  "f_score_@0.05": 0.0,
  "completeness_@0.1": 0.0,
  "accuracy_@0.1": 0.0,
  "f_score_@0.1": 0.0,
  "completeness_@0.2": 0.0,
  "accuracy_@0.2": 0.0,
  "f_score_@0.2": 0.0
}