{
  "pred_point_count": 5800,
  "gt_point_count": 1266813,
  "point_count_ratio": 0.004578418440606467,
  "chamfer_distance": 90.3184288634642,
  "pred_to_gt_distance": 51.70516707892898,
  "gt_to_pred_distance": 128.93169064799943,
  "hausdorff_distance": 537.0753593731754,
  "completeness_@0.05": 0.0,
  "accuracy_@0.05": 0.0,
  "f_score_@0.05": 0.0,
  "completeness_@0.1": 0.0,
  "accuracy_@0.1": 0.0,
  "f_score_@0.1": 0.0,
  "completeness_@0.2": 0.0,
  "accuracy_@0.2": 0.0,
  "f_score_@0.2": 0.0
}