{
  "pred_point_count": 3530,
  "gt_point_count": 1259952,
  "point_count_ratio": 0.0028016940327885505,
  "chamfer_distance": 98.2255199277262,
  "pred_to_gt_distance": 67.58625065252788,
  "gt_to_pred_distance": 128.8647892029245,
  "hausdorff_distance": 537.8675648030805,
  "completeness_@0.05": 0.0,
  "accuracy_@0.05": 0.0,
  "f_score_@0.05": 0.0,
  "completeness_@0.1": 0.0,
  "accuracy_@0.1": 0.0,
  "f_score_@0.1": 0.0,
  "completeness_@0.2": 0.0,
  "accuracy_@0.2": 0.0,
  "f_score_@0.2": 0.0
}