{
  "pred_point_count": 240,
  "gt_point_count": 1266975,
  "point_count_ratio": 0.00018942757355117505,
  "chamfer_distance": 238.2747731107873,
  "pred_to_gt_distance": 339.42642902130916,
  "gt_to_pred_distance": 137.1231172002654,
  "hausdorff_distance": 539.9831477180045,
  "completeness_@0.05": 0.0,
  "accuracy_@0.05": 0.0,
  "f_score_@0.05": 0.0,
  "completeness_@0.1": 0.0,
  "accuracy_@0.1": 0.0,
  "f_score_@0.1": 0.0,
  "completeness_@0.2": 0.0,
  "accuracy_@0.2": 0.0,
  "f_score_@0.2": 0.0
}