{
  "pred_point_count": 463,
  "gt_point_count": 1257770,
  "point_count_ratio": 0.0003681118169458645,
  "chamfer_distance": 291.2002215628328,
  "pred_to_gt_distance": 433.580764352941,
  "gt_to_pred_distance": 148.81967877272456,
  "hausdorff_distance": 551.2884870025523,
  "completeness_@0.05": 0.0,
  "accuracy_@0.05": 0.0,
  "f_score_@0.05": 0.0,
  "completeness_@0.1": 0.0,
  "accuracy_@0.1": 0.0,
  "f_score_@0.1": 0.0,
  "completeness_@0.2": 0.0,
  "accuracy_@0.2": 0.0,
  "f_score_@0.2": 0.0
}