{
  "pred_point_count": 675,
  "gt_point_count": 1267341,
  "point_count_ratio": 0.0005326111914630711,
  "chamfer_distance": 260.97029387544563,
  "pred_to_gt_distance": 376.49903429746035,
  "gt_to_pred_distance": 145.44155345343094,
  "hausdorff_distance": 573.4479582276214,
  "completeness_@0.05": 0.0,
  "accuracy_@0.05": 0.0,
  "f_score_@0.05": 0.0,
  "completeness_@0.1": 0.0,
  "accuracy_@0.1": 0.0,
  "f_score_@0.1": 0.0,
  "completeness_@0.2": 0.0,
  "accuracy_@0.2": 0.0,
  "f_score_@0.2": 0.0
}