{
  "pred_point_count": 6085,
  "gt_point_count": 1272196,
  "point_count_ratio": 0.004783068017821153,
  "chamfer_distance": 189.30131150135333,
  "pred_to_gt_distance": 240.7353142956861,
  "gt_to_pred_distance": 137.86730870702053,
  "hausdorff_distance": 538.0565533314596,
  "completeness_@0.05": 0.0,
  "accuracy_@0.05": 0.0,
  "f_score_@0.05": 0.0,
  "completeness_@0.1": 0.0,
  "accuracy_@0.1": 0.0,
  "f_score_@0.1": 0.0,
  "completeness_@0.2": 0.0,
  "accuracy_@0.2": 0.0,
  "f_score_@0.2": 0.0
}