{
  "pred_point_count": 785,
  "gt_point_count": 1272239,
  "point_count_ratio": 0.0006170224305338855,
  "chamfer_distance": 109.85733059594872,
  "pred_to_gt_distance": 76.68137979230431,
  "gt_to_pred_distance": 143.03328139959314,
  "hausdorff_distance": 235.63868909544385,
  "completeness_@0.05": 0.0,
  "accuracy_@0.05": 0.0,
  "f_score_@0.05": 0.0,
  "completeness_@0.1": 0.0,
  "accuracy_@0.1": 0.0,
  "f_score_@0.1": 0.0,
  "completeness_@0.2": 0.0,
  "accuracy_@0.2": 0.0,
  "f_score_@0.2": 0.0
}